<?xml version="1.0" encoding="utf-8"?>
<extension version="3.10" type="plugin" group="system" method="upgrade">
    <name>PLG_WT_DIGITALLY_SIGNED_PDF</name>
    <author>Serhey Tolkachyov</author>
    <creationDate>16/03/2022</creationDate>
    <copyright>2022 Sergey Tolkachyov</copyright>
    <license>GNU General Public License v3.0</license>
    <authorEmail>info@web-tolk.ru</authorEmail>
    <authorUrl>https://web-tolk.ru</authorUrl>
    <version>1.0.0</version>
    <description>PLG_WT_DIGITALLY_SIGNED_PDF_DESC</description>
    <namespace path="src">Joomla\Plugin\System\Wt_digitally_signed_pdf</namespace>
	<scriptfile>script.php</scriptfile>
    <files>
        <folder plugin="wt_digitally_signed_pdf">services</folder>
        <folder>src</folder>
        <folder>language</folder>
    </files>

    <!-- Media folder -->
    <media folder="media" destination="plg_system_wt_digitally_signed_pdf">
        <folder>img</folder>
        <folder>css</folder>
        <folder>js</folder>
        <filename>joomla.asset.json</filename>
    </media>

    <!-- Language files -->
    <languages folder="language" client="administrator">
        <language tag="en-GB">en-GB/en-GB.plg_system_wt_digitally_signed_pdf.ini</language>
        <language tag="ru-RU">ru-RU/ru-RU.plg_system_wt_digitally_signed_pdf.ini</language>
        <language tag="en-GB">en-GB/en-GB.plg_system_wt_digitally_signed_pdf.sys.ini</language>
        <language tag="ru-RU">ru-RU/ru-RU.plg_system_wt_digitally_signed_pdf.sys.ini</language>
    </languages>

    <!-- Plugin Info -->
    <config>
        <fields name="params">
            <fieldset name="basic">
                <field
                        addfieldprefix="Joomla\Plugin\System\Wt_digitally_signed_pdf\Fields"
                        type="plugininfo"
                        name="plugininfo"
                />
                <field
                        addfieldprefix="Joomla\Plugin\System\Wt_digitally_signed_pdf\Fields"
                        type="checklibraries"
                        name="checklibraries"
                />
                <field
                        type="filelist"
                        name="layout"
                        default="default"
                        label="PLG_WT_DIGITALLY_SIGNED_PDF_LAYOUT"
                        directory="layouts/plugins/system/wt_digitally_signed_pdf"
                        fileFilter="\.php$"
                        stripext="true"
                        hide_none="true"
                        hide_default="true"
                />
                <field
                        type="filelist"
                        name="sign_icon"
                        label="PLG_WT_DIGITALLY_SIGNED_PDF_SIGN_ICON"
                        directory="media/plg_system_wt_digitally_signed_pdf/img"
                        hide_default="true"
                />
            </fieldset>
        </fields>
    </config>

    <!-- Layouts files -->
    <layouts destination="plugins/system/wt_digitally_signed_pdf" folder="layouts">
        <filename>bootstrap5_layout.php</filename>
        <filename>default_layout.php</filename>
    </layouts>

    <updateservers>
        <server type="extension" name="WebTolk Update Server for WT Digitally signed PDF">https://web-tolk.ru/component/swjprojects/jupdate.html?element=wt_digitally_signed_pdf</server>
    </updateservers>
</extension>